{
    "dataset": "MNIST_0vs1",
    "models": {
        "cnn": {
            "0.1": {
                "accuracy": [
                    0.0,
                    0.0,
                    0.0
                ],
                "train_time": [
                    0.0,
                    0.0,
                    0.0
                ]
            },
            "0.25": {
                "accuracy": [
                    0.0,
                    0.0,
                    0.0
                ],
                "train_time": [
                    0.0,
                    0.0,
                    0.0
                ]
            },
            "0.5": {
                "accuracy": [
                    0.0,
                    0.0,
                    0.0
                ],
                "train_time": [
                    0.0,
                    0.0,
                    0.0
                ]
            },
            "1.0": {
                "accuracy": [
                    0.0,
                    0.0,
                    0.0
                ],
                "train_time": [
                    0.0,
                    0.0,
                    0.0
                ]
            }
        },
        "svm": {
            "0.1": {
                "accuracy": [
                    0.9995271867612293,
                    0.9995271867612293,
                    0.9981087470449173
                ],
                "train_time": [
                    0.6900303363800049,
                    0.42183780670166016,
                    0.4439222812652588
                ]
            },
            "0.25": {
                "accuracy": [
                    0.9990543735224586,
                    0.9995271867612293,
                    0.9995271867612293
                ],
                "train_time": [
                    0.7586119174957275,
                    0.7520327568054199,
                    0.7342681884765625
                ]
            },
            "0.5": {
                "accuracy": [
                    0.9995271867612293,
                    0.9995271867612293,
                    1.0
                ],
                "train_time": [
                    1.302894115447998,
                    1.3014800548553467,
                    1.240595817565918
                ]
            },
            "1.0": {
                "accuracy": [
                    1.0,
                    1.0,
                    1.0
                ],
                "train_time": [
                    2.17851185798645,
                    2.356919765472412,
                    2.2536027431488037
                ]
            }
        },
        "logreg": {
            "0.1": {
                "accuracy": [
                    0.9990543735224586,
                    0.9990543735224586,
                    0.9985815602836879
                ],
                "train_time": [
                    0.4622154235839844,
                    0.4835832118988037,
                    0.45742321014404297
                ]
            },
            "0.25": {
                "accuracy": [
                    0.9990543735224586,
                    0.9990543735224586,
                    0.9995271867612293
                ],
                "train_time": [
                    0.7582998275756836,
                    0.7456681728363037,
                    0.7635767459869385
                ]
            },
            "0.5": {
                "accuracy": [
                    0.9990543735224586,
                    0.9995271867612293,
                    0.9995271867612293
                ],
                "train_time": [
                    1.364222764968872,
                    1.5827488899230957,
                    1.3818378448486328
                ]
            },
            "1.0": {
                "accuracy": [
                    0.9995271867612293,
                    0.9995271867612293,
                    0.9995271867612293
                ],
                "train_time": [
                    3.092843770980835,
                    2.798290729522705,
                    2.685229778289795
                ]
            }
        },
        "vqc": {
            "0.1": {
                "accuracy": [
                    0.0,
                    0.0,
                    0.0
                ],
                "train_time": [
                    0.0,
                    0.0,
                    0.0
                ]
            },
            "0.25": {
                "accuracy": [
                    0.0,
                    0.0,
                    0.0
                ],
                "train_time": [
                    0.0,
                    0.0,
                    0.0
                ]
            },
            "0.5": {
                "accuracy": [
                    0.0,
                    0.0,
                    0.0
                ],
                "train_time": [
                    0.0,
                    0.0,
                    0.0
                ]
            },
            "1.0": {
                "accuracy": [
                    0.0,
                    0.0,
                    0.0
                ],
                "train_time": [
                    0.0,
                    0.0,
                    0.0
                ]
            }
        },
        "qkernel": {
            "0.1": {
                "accuracy": [
                    0.0,
                    0.0,
                    0.0
                ],
                "train_time": [
                    0.0,
                    0.0,
                    0.0
                ]
            },
            "0.25": {
                "accuracy": [
                    0.0,
                    0.0,
                    0.0
                ],
                "train_time": [
                    0.0,
                    0.0,
                    0.0
                ]
            },
            "0.5": {
                "accuracy": [
                    0.0,
                    0.0,
                    0.0
                ],
                "train_time": [
                    0.0,
                    0.0,
                    0.0
                ]
            },
            "1.0": {
                "accuracy": [
                    0.0,
                    0.0,
                    0.0
                ],
                "train_time": [
                    0.0,
                    0.0,
                    0.0
                ]
            }
        }
    }
}