{
    "dataset": "MNIST_0vs1",
    "models": {
        "cnn": {
            "0.1": {
                "accuracy": [
                    0.9985815602836879,
                    0.9981087470449173,
                    0.9985815602836879
                ],
                "train_time": [
                    3.216801404953003,
                    3.1203932762145996,
                    3.0581836700439453
                ]
            },
            "0.25": {
                "accuracy": [
                    0.9990543735224586,
                    0.9985815602836879,
                    0.9985815602836879
                ],
                "train_time": [
                    6.847849130630493,
                    6.196740627288818,
                    8.068747997283936
                ]
            },
            "0.5": {
                "accuracy": [
                    0.9995271867612293,
                    0.9971631205673759,
                    0.9995271867612293
                ],
                "train_time": [
                    14.173218488693237,
                    12.970363140106201,
                    12.76346206665039
                ]
            },
            "1.0": {
                "accuracy": [
                    0.9985815602836879,
                    1.0,
                    0.9995271867612293
                ],
                "train_time": [
                    24.26134157180786,
                    25.300089120864868,
                    26.39390206336975
                ]
            }
        },
        "svm": {
            "0.1": {
                "accuracy": [
                    0.9995271867612293,
                    0.9995271867612293,
                    0.9981087470449173
                ],
                "train_time": [
                    0.5460340976715088,
                    0.40253257751464844,
                    0.425032377243042
                ]
            },
            "0.25": {
                "accuracy": [
                    0.9990543735224586,
                    0.9995271867612293,
                    0.9995271867612293
                ],
                "train_time": [
                    0.716759443283081,
                    0.7685582637786865,
                    0.780224084854126
                ]
            },
            "0.5": {
                "accuracy": [
                    0.9995271867612293,
                    0.9995271867612293,
                    1.0
                ],
                "train_time": [
                    1.249762773513794,
                    1.2146027088165283,
                    1.184079647064209
                ]
            },
            "1.0": {
                "accuracy": [
                    1.0,
                    1.0,
                    1.0
                ],
                "train_time": [
                    2.232020616531372,
                    2.3337814807891846,
                    2.2456135749816895
                ]
            }
        },
        "logreg": {
            "0.1": {
                "accuracy": [
                    0.9990543735224586,
                    0.9990543735224586,
                    0.9985815602836879
                ],
                "train_time": [
                    0.45375537872314453,
                    0.38974785804748535,
                    0.42026472091674805
                ]
            },
            "0.25": {
                "accuracy": [
                    0.9990543735224586,
                    0.9990543735224586,
                    0.9995271867612293
                ],
                "train_time": [
                    0.7202372550964355,
                    0.7229702472686768,
                    0.8025236129760742
                ]
            },
            "0.5": {
                "accuracy": [
                    0.9990543735224586,
                    0.9995271867612293,
                    0.9995271867612293
                ],
                "train_time": [
                    1.501114845275879,
                    1.5947132110595703,
                    1.4646577835083008
                ]
            },
            "1.0": {
                "accuracy": [
                    0.9995271867612293,
                    0.9995271867612293,
                    0.9995271867612293
                ],
                "train_time": [
                    3.477186918258667,
                    3.135960340499878,
                    2.948657512664795
                ]
            }
        },
        "vqc": {
            "0.1": {
                "accuracy": [
                    0.0,
                    0.0,
                    0.0
                ],
                "train_time": [
                    0.0,
                    0.0,
                    0.0
                ]
            },
            "0.25": {
                "accuracy": [
                    0.0,
                    0.0,
                    0.0
                ],
                "train_time": [
                    0.0,
                    0.0,
                    0.0
                ]
            },
            "0.5": {
                "accuracy": [
                    0.0,
                    0.0,
                    0.0
                ],
                "train_time": [
                    0.0,
                    0.0,
                    0.0
                ]
            },
            "1.0": {
                "accuracy": [
                    0.0,
                    0.0,
                    0.0
                ],
                "train_time": [
                    0.0,
                    0.0,
                    0.0
                ]
            }
        },
        "qkernel": {
            "0.1": {
                "accuracy": [
                    0.0,
                    0.0,
                    0.0
                ],
                "train_time": [
                    0.0,
                    0.0,
                    0.0
                ]
            },
            "0.25": {
                "accuracy": [
                    0.0,
                    0.0,
                    0.0
                ],
                "train_time": [
                    0.0,
                    0.0,
                    0.0
                ]
            },
            "0.5": {
                "accuracy": [
                    0.0,
                    0.0,
                    0.0
                ],
                "train_time": [
                    0.0,
                    0.0,
                    0.0
                ]
            },
            "1.0": {
                "accuracy": [
                    0.0,
                    0.0,
                    0.0
                ],
                "train_time": [
                    0.0,
                    0.0,
                    0.0
                ]
            }
        }
    }
}